id,school_count,hospital_count,supermarket_count,park_count,metro_station_count,cafe_restaurant_count
44,0,0,0,0,0,0
45,0,0,0,0,0,0
46,1,0,0,0,0,0
47,48,83,56,6,1,200
48,2,0,0,0,0,0
49,0,0,0,0,0,0
50,0,0,0,0,0,0
51,0,0,0,0,0,0
52,32,81,43,8,1,285
53,0,0,0,0,0,0
54,0,0,0,0,0,0
55,26,29,16,1,0,71
56,0,0,0,0,0,2
57,98,204,92,9,5,410
58,91,246,78,5,7,413
59,36,86,60,7,0,201
60,12,12,7,0,0,19
61,0,0,0,0,0,0
62,0,1,0,0,0,0
63,22,45,34,5,0,122
64,0,0,0,0,0,0
65,37,58,31,2,0,109
66,9,9,3,0,1,17
67,47,126,71,5,5,318
68,49,69,41,1,2,114
69,89,130,67,2,3,135
70,53,108,41,5,0,191
71,10,15,3,1,0,34
72,58,123,47,3,3,119
73,0,0,0,0,0,0
74,2,0,0,0,0,0
75,0,0,0,0,0,0
76,0,0,0,0,0,0
77,56,132,37,2,3,136
78,62,115,50,4,3,161
79,73,171,87,6,2,174
80,0,0,0,0,0,0
81,0,0,0,0,0,0
82,0,2,1,0,0,0
83,1,0,0,0,0,3
84,0,2,0,0,0,0
85,1,0,0,0,0,0
86,7,6,2,0,0,5
87,1,1,0,0,0,0
88,0,0,0,0,0,0
89,0,0,0,0,0,0
90,0,1,0,0,0,0
91,0,0,0,0,0,0
92,2,8,4,0,0,5
93,0,0,0,0,0,0
94,2,0,0,0,0,2
95,64,130,76,3,9,292
96,110,220,79,6,1,371
97,5,12,2,0,0,13
98,0,0,0,0,0,0
99,2,2,0,0,0,0
100,0,0,0,0,0,0
101,34,109,34,2,2,177
102,1,0,1,0,0,0
103,30,89,23,5,2,130
104,0,0,0,0,0,1
105,0,0,0,0,0,0
106,2,2,0,0,0,0
107,44,38,20,2,0,126
108,0,0,0,0,0,0
109,0,0,0,0,0,0
110,0,0,0,0,0,0
111,1,2,0,0,0,0
112,0,0,0,0,0,0
113,0,1,0,0,0,0
114,0,0,0,0,0,0
115,85,200,83,10,7,490
116,51,93,38,0,0,131
117,0,0,0,0,0,0
118,0,0,0,0,0,0
119,0,0,0,0,0,0
120,0,0,0,0,0,0
121,0,0,0,0,0,0
122,37,89,42,4,0,155
123,0,0,0,0,0,0
124,0,1,0,0,0,2
125,0,0,0,0,0,0
126,0,0,0,0,0,0
127,0,0,0,0,0,0
128,0,0,0,0,0,0
129,8,28,8,1,1,20
130,0,0,0,0,0,0
131,0,0,0,0,0,0
132,18,59,30,1,1,102
133,20,75,36,0,1,91
134,0,2,2,0,0,1
135,90,306,90,8,0,475
136,7,13,3,0,0,20
137,5,22,11,0,0,27
138,2,8,1,1,0,8
139,1,2,0,0,0,4
140,0,0,0,0,0,0
141,0,0,0,0,0,0
142,0,0,0,0,0,0
143,0,0,1,0,0,2
144,37,90,40,1,2,162
145,31,75,27,1,2,115
146,0,0,0,0,0,0
147,57,122,72,6,0,199
148,12,35,6,0,1,44
149,0,0,0,0,0,0
150,0,0,0,0,0,2
151,1,0,2,0,1,0
152,0,0,0,0,1,0
153,0,0,0,0,0,0
154,29,84,19,2,1,116
155,0,0,0,0,0,0
156,0,0,0,0,0,0
157,0,0,0,0,0,0
158,46,86,61,6,3,191
159,0,0,0,0,0,0
160,0,5,6,0,0,38
161,13,18,12,0,1,11
162,1,0,0,0,0,0
163,64,119,59,0,4,131
164,2,1,0,0,0,3
165,1,0,1,0,0,0
166,66,136,51,1,2,154
167,0,0,0,0,0,0
168,1,0,0,0,0,0
169,58,70,33,3,2,134
170,0,0,0,0,0,0
171,0,0,0,0,0,0
172,1,0,0,0,0,0
173,8,16,3,0,0,17
174,1,1,0,0,0,0
175,33,90,37,5,0,148
176,0,0,0,0,0,0
177,0,0,0,0,0,0
178,12,19,8,2,1,57
179,10,36,12,1,0,72
180,20,60,24,3,1,138
181,0,0,0,0,0,0
182,3,15,3,1,0,33
183,15,44,7,0,1,53
184,0,0,0,0,0,0
185,30,114,23,2,2,113
186,0,0,0,0,0,0
187,2,5,3,0,0,5
188,1,0,0,0,0,0
189,0,0,0,0,0,0
190,2,5,1,0,0,10
191,3,3,2,2,0,2
192,30,55,33,1,4,61
193,7,26,3,1,0,17
194,18,54,14,1,2,74
195,0,8,0,1,0,8
196,15,21,2,0,0,20
197,9,24,9,1,1,25
198,17,15,5,2,0,10
199,29,129,31,0,0,183
200,25,42,16,0,0,40
201,0,0,0,0,0,0
202,2,10,3,2,1,3
203,0,0,0,0,0,2
204,0,0,0,0,0,0
205,3,0,1,0,0,0
206,10,27,7,1,0,42
207,0,1,0,0,0,1
208,0,0,0,0,0,0
209,0,1,0,0,0,0
210,41,47,17,0,1,48
211,0,0,0,0,0,0
212,0,0,0,0,0,0
213,0,0,0,0,0,0
214,0,2,0,0,0,0
215,0,0,0,0,0,0
216,0,0,0,0,0,0
217,1,0,0,0,0,0
218,0,0,0,0,0,0
219,0,0,0,0,0,0
220,0,0,0,0,0,0
221,0,0,0,0,0,0
222,3,8,4,0,0,3
223,0,0,0,0,0,0
224,14,29,15,0,0,43
225,5,19,3,3,0,21
226,0,0,1,0,0,0
227,6,27,7,0,1,21
228,0,1,0,0,0,0
229,1,1,0,0,0,2
230,93,295,110,12,0,472
231,13,32,10,3,2,44
232,8,21,6,0,1,17
233,3,0,0,0,0,0
234,0,0,0,0,0,0
235,0,0,0,0,0,0
236,0,0,0,0,0,0
237,17,26,8,2,0,41
238,28,36,9,4,0,18
239,78,220,98,9,7,507
240,0,1,0,0,0,0
241,0,0,0,0,0,0
242,1,2,0,0,0,1
243,0,0,1,0,0,0
244,0,0,0,0,0,0
245,21,22,13,0,0,49
246,1,0,0,0,0,2
247,1,0,1,0,0,1
248,0,0,0,0,0,1
249,0,1,4,0,0,5
250,0,2,0,0,0,1
251,0,0,1,1,0,1
252,0,1,0,0,0,0
253,0,0,0,0,0,0
254,0,0,0,0,0,0
255,8,17,14,1,0,104
256,0,0,0,0,0,0
257,0,1,0,0,0,1
258,32,74,48,5,1,154
259,10,18,12,0,0,30
260,5,14,14,0,0,42
261,0,0,0,0,0,0
262,0,0,0,0,0,0
263,0,4,1,0,2,5
264,9,20,3,2,1,31
265,0,2,1,0,0,1
266,0,3,1,0,0,0
267,0,1,0,0,0,1
268,0,0,0,0,0,0
269,0,0,0,0,0,0
270,83,283,87,11,2,565
271,1,2,2,0,0,1
272,1,0,0,0,0,0
273,19,70,15,0,1,72
274,0,0,0,0,0,0
275,1,2,0,0,0,0
276,0,5,3,0,0,2
277,0,0,0,0,0,0
278,0,0,0,0,0,0
279,0,9,1,0,0,4
280,0,0,0,0,0,2
281,0,0,0,0,0,0
282,4,18,9,1,0,78
283,0,0,0,0,0,0
284,0,0,0,0,0,0
285,0,0,0,0,0,0
286,0,0,0,0,0,0
287,60,124,47,2,6,216
288,0,0,0,0,0,0
289,0,0,0,0,0,0
290,0,0,0,0,0,0
291,0,0,0,0,0,0
292,0,0,0,0,0,0
293,0,0,0,0,0,0
294,1,2,0,0,0,0
295,0,0,0,0,0,0
296,0,0,0,0,0,0
297,0,0,0,0,0,0
298,72,212,71,3,1,278
299,0,0,0,0,0,0
300,0,0,0,0,0,0
301,17,26,17,1,0,58
302,0,0,0,0,0,0
303,29,72,29,3,3,96
304,1,0,0,0,0,0
305,1,3,0,0,0,4
306,0,0,0,0,0,0
307,1,1,0,0,0,0
308,86,140,55,2,8,206
309,30,56,28,1,2,66
310,22,40,22,0,0,55
311,0,0,0,0,0,1
312,0,0,0,0,0,0
313,0,0,0,0,0,0
314,120,204,101,13,4,394
315,0,0,1,0,0,0
1,0,0,0,0,0,1
2,0,1,0,0,0,1
3,5,2,2,0,0,4
4,17,30,14,2,0,113
5,17,28,18,1,0,42
6,0,0,0,0,0,0
7,47,103,70,4,5,261
8,92,242,106,8,3,539
9,0,0,0,0,0,0
10,8,13,8,0,0,20
11,1,4,0,0,0,4
12,0,0,0,0,0,0
13,0,3,0,0,0,1
14,1,10,3,0,1,12
15,2,0,1,0,0,4
16,0,0,0,0,0,0
17,0,0,0,0,0,0
18,0,0,0,0,0,0
19,2,3,0,0,0,5
20,0,0,0,0,0,0
21,0,0,2,0,0,0
22,1,1,0,0,0,1
23,120,143,71,2,2,195
24,17,56,9,1,2,29
25,0,0,0,0,0,0
26,0,1,0,0,0,0
27,61,289,88,6,0,473
28,42,76,33,2,0,175
29,43,95,62,8,1,267
30,20,44,27,0,1,71
31,2,2,2,0,0,9
32,0,3,1,0,0,1
33,19,19,21,1,1,44
34,0,0,0,0,0,0
35,0,0,0,0,0,0
36,0,0,0,0,0,0
37,0,0,0,0,0,0
38,0,0,0,0,0,0
39,0,0,0,0,0,0
40,0,0,0,0,0,0
41,0,0,0,0,0,0
42,0,0,0,0,0,0
43,0,0,0,0,0,0
316,0,0,0,0,0,0
317,0,0,0,0,0,0
318,6,6,2,0,0,13
319,0,0,0,0,0,0
320,4,18,13,1,0,62
321,22,77,15,2,2,65
322,1,1,0,0,0,0
323,20,64,13,2,2,39
324,0,0,0,0,0,0
325,0,0,0,0,0,0
326,0,0,0,0,0,1
327,0,0,0,0,0,0
328,0,0,0,0,0,0
329,2,24,6,0,0,13
330,1,0,0,0,0,0
331,1,0,0,0,0,0
332,0,1,0,0,0,0
333,0,0,0,0,0,0
334,0,3,0,0,0,3
335,34,103,36,2,0,202
336,41,151,48,2,1,198
337,0,0,0,0,0,0
338,2,4,4,0,0,17
339,0,0,0,0,0,0
340,0,0,0,0,0,0
341,59,87,36,2,0,135
342,0,0,0,0,0,0
343,13,15,8,0,0,21
344,0,0,0,0,0,0
345,83,234,93,11,0,473
346,1,1,1,0,0,0
347,36,95,34,2,1,107
348,12,40,15,1,0,34
349,1,7,3,0,0,6
350,32,64,43,0,0,75
351,0,0,0,0,0,0
352,0,0,0,0,0,0
353,4,0,2,0,0,2
354,0,1,0,0,0,0
355,0,0,0,0,0,0
356,0,0,0,0,0,0
357,0,0,0,0,0,0
358,0,0,0,0,0,0
359,0,0,0,0,0,0
360,0,0,0,0,0,0
361,0,0,0,0,0,0
362,0,0,0,0,0,0
363,0,0,0,0,0,0
364,0,0,0,0,0,0
365,0,0,0,0,0,0
