district_id,district_en,district_ar,governorate_en,governorate_ar,district_lat,district_lon
dikirnis-eg1209,Dikirnis,مركز دكرنس,Dakahlia,الدقهلية,31.093,31.78
markz-al-idwa-eg2405,Markz Al Idwa,مركز العدوة,Menia,المنيا,28.696,30.74
kafr-sad-eg1104,Kafr Sad,مركز كفر سعد,Damietta,دمياط,31.359,31.603
sharm-el-sheikh-eg3505,Sharm el-Sheikh,قسم شرم الشيخ,South Sinai,جنوب سيناء,28.08,34.203
sinbillawin-eg1205,Sinbillawin,مركز السنبلاوين,Dakahlia,الدقهلية,30.883,31.513
north-coast-eg3308,North Coast,قسم الساحل الشمالى-جزء,Matrouh,مطروح,30.861,29.281
al-tur-eg3501,Al-Tur,قسم الطور,South Sinai,جنوب سيناء,28.365,33.753
kafr-al-shaykh-eg1502,Kafr Al-Shaykh,مركز كفر الشيخ,Kafr El-Shikh,كفر الشيخ,31.2,31.016
al-khanka-eg1403,Al Khanka,مركز الخانكة,Kalyoubia,القليوبية,30.231,31.358
alamn-eg3307,Alamn,قسم مارينا العلمين السياحية,Matrouh,مطروح,30.782,28.74
idku-eg1816,Idku,مركز إدكو,Behera,البحيرة,31.298,30.325
rummana-eg3410,Rummana,قسم رمانة,North Sinai,شمال سيناء,30.957,32.699
markz-maghagha-eg2410,Markz Maghagha,مركز مغاغة,Menia,المنيا,28.641,30.794
akhmim-eg2604,Akhmim,مركز أخميم,Suhag,سوهاج,26.551,31.715
shubra-khit-eg1810,Shubra Khit,مركز شبراخيت,Behera,البحيرة,31.003,30.679
markz-matay-eg2409,Markz Matay,مركز مطاى,Menia,المنيا,28.431,30.71
fayyum-eg2302,Fayyum,مركز الفيوم,Fayoum,الفيوم,29.3,30.955
al-bagur-eg1704,Al-Bagur,مركز الباجور,Menoufia,المنوفية,30.413,31.032
mashtul-al-suq-eg1316,Mashtul Al-Suq,مركز مشتول السوق,Sharkia,الشرقية,30.361,31.383
itay-al-barud-eg1807,Itay Al-Barud,مركز إيتاى البارود,Behera,البحيرة,30.886,30.656
markz-samalut-eg2408,Markz Samalut,مركز سمالوط,Menia,المنيا,28.285,30.629
awlad-saqr-eg1319,Awlad Saqr,مركز أولاد صقر,Sharkia,الشرقية,30.969,31.777
al-sharq-eg0301,Al-Sharq,قسم الشرق,Port Said,بورسعيد,31.263,32.307
suhag-eg2601,Suhag,قسم اول سوهاج,Suhag,سوهاج,26.547,31.693
kum-hamada-eg1813,Kum Hamada,مركز كوم حمادة,Behera,البحيرة,30.654,30.774
shallatin-eg3106,Shallatin,قسم شلاتين,Red Sea,البحر الأحمر,23.079,34.574
nasr-eg2805,Nasr,مركز نصر,Aswan,أسوان,24.373,32.932
nebro-eg1221,Nebro,مركز نبروة,Dakahlia,الدقهلية,31.129,31.297
al-fashn-eg2204,Al Fashn,مركز الفشن,Beni Suef,بنى سويف,28.809,30.827
markz-mallawi-eg2412,Markz Mallawi,مركز ملوى,Menia,المنيا,27.775,30.801
al-shuhada-eg1705,Al-Shuhada,مركز الشهداء,Menoufia,المنوفية,30.601,30.87
markz-bani-mazar-eg2406,Markz Bani Mazar,مركز بنى مزار,Menia,المنيا,28.518,30.731
biyalu-eg1504,Biyalu,مركز بيلا,Kafr El-Shikh,كفر الشيخ,31.32,31.248
qutur-eg1611,Qutur,مركز قطور,Gharbia,الغربية,30.971,30.97
bani-swayf-eg2202,Bani Swayf,مركز بنى سويف,Beni Suef,بنى سويف,29.098,31.042
disuq-eg1506,Disuq,مركز دسوق,Kafr El-Shikh,كفر الشيخ,31.15,30.72
damanhur-eg1802,Damanhur,مركز دمنهور,Behera,البحيرة,31.032,30.527
rud-al-farag-eg0120,Rud Al-Farag,قسم روضالفرج,Cairo,القاهرة,30.075,31.238
quwisna-eg1708,Quwisna,مركز قويسنا,Menoufia,المنوفية,30.56,31.163
qina-eg2702,Qina,مركز قنا,Qena,قنا,26.163,32.578
sinuras-eg2305,Sinuras,مركز سنورس,Fayoum,الفيوم,29.441,30.815
manzala-eg1207,Manzala,مركز المنزلة,Dakahlia,الدقهلية,31.153,31.958
abu-l-matamir-eg1803,Abu-l-Matamir,مركز ابوالمطامير,Behera,البحيرة,30.773,30.144
shaykh-zuwayd-eg3408,Shaykh Zuwayd,قسم الشيخ زويد,North Sinai,شمال سيناء,30.918,33.971
kafr-al-dawwar-eg1812,Kafr Al-Dawwar,مركز كفر الدوار,Behera,البحيرة,31.129,30.038
al-farafra-oasis-eg3203,Al Farafra Oasis,مركز الفرافرة,New Valley,الوادى الجديد,27.205,26.76
bilqas-eg1208,Bilqas,مركز بلقاس,Dakahlia,الدقهلية,31.344,31.379
badr-eg1818,Badr,مركز بدر,Behera,البحيرة,30.547,30.679
fariskur-eg1103,Fariskur,مركز فارسكور,Damietta,دمياط,31.31,31.733
nag-hammadi-eg2708,Nag Hammadi,مركز نجع حمادى,Qena,قنا,26.085,32.297
tamy-al-amdid-eg1216,Tamy Al-Amdid,مركز تمى الأمديد,Dakahlia,الدقهلية,30.947,31.594
qalyub-eg1410,Qalyub,مركز قليوب,Kalyoubia,القليوبية,30.207,31.214
siwa-eg3306,Siwa,مركز سيوة,Matrouh,مطروح,28.703,25.589
tal-al-kabir-al-eg1905,"Tal al-Kabir, al-",مركز التل الكبير,Ismailia,الإسماعيلية,30.418,31.933
bulaq-al-dakrur-eg2105,Bulaq Al-DakrUr,قسم بولاق الدكرور,Giza,الجيزة,30.03,31.19
sidi-barani-eg3305,Sidi Barani,قسم سيدى برانى,Matrouh,مطروح,30.656,25.886
al-gumruk-eg0210,Al Gumruk,قسم الجمرك,Alexandria,الاسكندرية,31.203,29.879
sidi-salim-eg1507,Sidi Salim,مركز سيدى سالم,Kafr El-Shikh,كفر الشيخ,31.31,30.738
santa-eg1604,Santa,مركز السنطة,Gharbia,الغربية,30.773,31.119
al-arab-eg0302,Al-Arab,قسم العرب,Port Said,بورسعيد,31.262,32.294
abu-hummus-eg1804,Abu Hummus,مركز ابوحمص,Behera,البحيرة,31.106,30.31
aswan-eg2802,Aswan,مركز أسوان,Aswan,أسوان,23.972,32.831
misr-al-qadima-eg0106,Misr Al-Qadima,مصرالقديمة,Cairo,القاهرة,30.006,31.242
salloum-eg3303,Salloum,قسم السلوم,Matrouh,مطروح,30.646,25.255
hush-isa-eg1808,Hush Isa,مركز حوش عيسى,Behera,البحيرة,30.891,30.346
kafr-saqr-eg1313,Kafr Saqr,مركز كفر صقر,Sharkia,الشرقية,30.837,31.675
markz-abu-qurqas-eg2404,Markz Abu Qurqas,مركز ابو قرقاص,Menia,المنيا,27.939,30.77
ayat-eg2112,Ayat,مركز العياط,Giza,الجيزة,29.564,31.25
bulaq-eg0112,Bulaq,قسم بولاق,Cairo,القاهرة,30.062,31.234
kafr-al-zayyat-eg1612,Kafr Al-Zayyat,مركز كفر الزيات,Gharbia,الغربية,30.807,30.835
qanatir-al-khayriyya-eg1404,Qanatir Al-Khayriyya,مركز القناطر الخيرية,Kalyoubia,القليوبية,30.214,31.135
zamalik-eg0133,Zamalik,قسم الزمالك,Cairo,القاهرة,30.056,31.223
bany-abeed-eg1218,Bany Abeed,مركز بنى عبيد,Dakahlia,الدقهلية,31.024,31.648
el-mahalla-el-kobra-eg1607,El Mahalla El Kobra,مركز المحله الكبرى,Gharbia,الغربية,31.017,31.13
sidi-gabir-eg0203,Sidi Gabir,قسم سيدى جابر,Alexandria,الاسكندرية,31.216,29.949
dayrut-eg2510,Dayrut,مركز ديروط,Assiut,أسيوط,27.537,30.782
guhayna-al-gharbiyya-eg2611,Guhayna Al-Gharbiyya,مركز جهينة الغربية,Suhag,سوهاج,26.689,31.471
ras-sidr-eg3502,Ras Sidr,قسم رأس سدر,South Sinai,جنوب سيناء,29.599,33.317
shirbin-eg1210,Shirbin,مركز شربين,Dakahlia,الدقهلية,31.261,31.576
atsa-eg2304,Atsa,مركز أطسا,Fayoum,الفيوم,29.208,30.767
al-rahmaniyya-eg1815,Al-Rahmaniyya,مركز الرحمانية,Behera,البحيرة,31.106,30.584
abu-tig-eg2505,Abu Tig,مركز أبوتيج,Assiut,أسيوط,27.037,31.289
markz-dir-mawas-eg2407,Markz Dir Mawas,مركز دير مواس,Menia,المنيا,27.655,30.79
qantara-gharb-al-eg1906,"Qantara Gharb, al-",مركز القنطرة,Ismailia,الإسماعيلية,30.742,32.245
al-qusia-eg2509,Al-Qusia,مركز القوصية,Assiut,أسيوط,27.403,30.826
al-zahir-eg0117,Al Zahir,قسم الظاهر,Cairo,القاهرة,30.063,31.268
aga-eg1204,Aga,مركز أجا,Dakahlia,الدقهلية,30.895,31.313
fuwwa-eg1508,Fuwwa,مركز فوه,Kafr El-Shikh,كفر الشيخ,31.232,30.564
abshaway-eg2303,Abshaway,مركز أبشواى,Fayoum,الفيوم,29.374,30.69
dishna-eg2706,Dishna,مركز دشنا,Qena,قنا,26.142,32.444
badrashain-eg2110,Badrashain,مركز البدرشين,Giza,الجيزة,29.824,31.258
ashmun-eg1703,Ashmun,مركز أشمون,Menoufia,المنوفية,30.299,31.008
kardasa-eg2120,Kardasa,مركز كرداسة,Giza,الجيزة,30.051,31.134
riyad-eg1512,Riyad,مركز الرياض,Kafr El-Shikh,كفر الشيخ,31.321,30.92
al-dilingat-eg1805,Al-Dilingat,مركز الدلنجات,Behera,البحيرة,30.81,30.49
fayid-eg1907,Fayid,مركز فايد,Ismailia,الإسماعيلية,30.366,32.292
sant-katrin-eg3504,Sant Katrin,قسم سانت كاترين,South Sinai,جنوب سيناء,28.66,34.052
biba-eg2207,Biba,مركز ببا,Beni Suef,بنى سويف,28.951,30.967
rafah-eg3409,Rafah,قسم رفح,North Sinai,شمال سيناء,31.087,34.227
abu-tisht-eg2703,Abu Tisht,مركز أبو طشت,Qena,قنا,26.13,32.086
ismailiyya-eg1904,Ismailiyya,مركز الاسماعيلية,Ismailia,الإسماعيلية,30.426,32.183
burg-al-arab-eg0214,Burg al-Arab,قسم برج العرب,Alexandria,الاسكندرية,30.901,29.494
al-wasta-eg2205,Al Wasta,مركز الواسطى,Beni Suef,بنى سويف,29.324,31.17
samannud-eg1610,Samannud,مركز سمنود,Gharbia,الغربية,30.95,31.221
tamya-eg2306,Tamya,مركز طامية,Fayoum,الفيوم,29.467,30.982
minya-al-qamh-eg1314,Minya al-Qamh,مركز منيا القمح,Sharkia,الشرقية,30.507,31.369
al-maragha-eg2606,Al-Maragha,مركز المراغة,Suhag,سوهاج,26.669,31.588
dyarb-nigm-eg1310,Dyarb Nigm,مركز ديرب نجم,Sharkia,الشرقية,30.752,31.444
imbaba-eg2113,Imbaba,مركز إمبابة,Giza,الجيزة,30.22,30.963
abu-radis-eg3503,Abu Radis,قسم أبو رديس,South Sinai,جنوب سيناء,29.049,33.598
marsa-alam-eg3104,Marsa Alam,قسم مرسى علم,Red Sea,البحر الأحمر,24.707,34.286
muntazah-eg0201,Muntazah,قسم المنتزة,Alexandria,الاسكندرية,31.264,30.03
marsa-matruh-eg3301,Marsa Matruh,قسم مرسى مطروح,Matrouh,مطروح,30.022,26.997
birkat-al-sab-eg1706,Birkat Al-Sab,مركز بركة السبع,Menoufia,المنوفية,30.651,31.108
sadat-city-eg1711,Sadat City,مركز السادات,Menoufia,المنوفية,30.358,30.661
abu-kabir-eg1305,Abu Kabir,مركز أبوكبير,Sharkia,الشرقية,30.733,31.69
mitubas-eg1510,Mitubas,مركز مطوبس,Kafr El-Shikh,كفر الشيخ,31.383,30.47
muharam-bik-eg0205,Muharam Bik,قسم محرم بك,Alexandria,الاسكندرية,31.184,29.939
kesm-than-al-raml-eg0217,Kesm than Al Raml,قسم ثان الرمل,Alexandria,الاسكندرية,31.211,29.994
mit-ghamr-eg1213,Mit Ghamr,مركز ميت غمر,Dakahlia,الدقهلية,30.708,31.338
tukh-eg1408,Tukh,مركز طوخ,Kalyoubia,القليوبية,30.344,31.19
el-mahalla-el-kobra-2-eg1606,El Mahalla El Kobra 2,قسم ثان المحلة الكبرى,Gharbia,الغربية,30.971,31.157
nubariyya-west-eg1817,Nubariyya West,قسم غرب النوبارية,Behera,البحيرة,30.425,29.897
tanta-eg1603,Tanta,مركز طنطا,Gharbia,الغربية,30.809,30.932
ahnasya-eg2206,Ahnasya,مركز أهناسيا,Beni Suef,بنى سويف,29.102,30.943
suhag-eg2603,Suhag,مركز سوهاج,Suhag,سوهاج,26.547,31.655
adfu-eg2803,Adfu,مركز أدفو,Aswan,أسوان,25.061,32.957
rashid-eg1809,Rashid,مركز رشيد,Behera,البحيرة,31.379,30.375
markz-al-minya-eg2402,Markz Al Minya,مركز المنيا,Menia,المنيا,28.101,30.641
abu-simbel-eg2807,Abu Simbel,مركز أبوسنبل,Aswan,أسوان,22.624,32.599
al-sahil-eg0121,Al Sahil,قسم الساحل,Cairo,القاهرة,30.092,31.247
new-cairo-3-eg0139,New Cairo-3,قسم ثالث القاهرة الجديدة,Cairo,القاهرة,29.978,31.456
saf-eg2111,Saf,مركز الصف,Giza,الجيزة,29.62,31.305
a-dakhla-oasis-eg3202,A-Dakhla Oasis,مركز الوحات الداخلة,New Valley,الوادى الجديد,24.803,27.209
kafr-shukr-eg1411,Kafr Shukr,مركز كفر شكر,Kalyoubia,القليوبية,30.554,31.275
faqus-eg1312,Faqus,مركز فاقوس,Sharkia,الشرقية,30.749,31.896
nasir-eg2209,Nasir,مركز ناصر,Beni Suef,بنى سويف,29.187,31.078
shibin-al-kum-eg1702,Shibin al-Kum,مركز شبين الكوم,Menoufia,المنوفية,30.561,30.954
isna-eg2705,Isna,مركز إسنا,Qena,قنا,25.365,32.52
al-khalifa-eg0108,Al Khalifa,قسم الخليفة,Cairo,القاهرة,30.01,31.296
kum-umbu-eg2804,Kum Umbu,مركز كوم امبو,Aswan,أسوان,24.48,32.947
new-cairo-2-eg0138,New Cairo-2,قسم ثان القاهرة الجديدة,Cairo,القاهرة,30.074,31.582
qantara-sharq-al-eg1908,"Qantara Sharq, al-",قسم القنطرة شرق,Ismailia,الإسماعيلية,30.603,32.55
al-hamul-eg1511,Al Hamul,مركز الحامول,Kafr El-Shikh,كفر الشيخ,31.388,31.075
sidfa-eg2511,Sidfa,مركز صدفا,Assiut,أسيوط,26.943,31.38
mit-salsil-eg1217,MIt Salsil,مركز ميت سلسيل,Dakahlia,الدقهلية,31.233,31.792
ataqa-eg0403,Ataqa,قسم عتاقة,Suez,السويس,29.539,32.128
al-usayrat-eg2617,Al Usayrat,مركز العسيرات,Suhag,سوهاج,26.401,31.815
shibin-al-qanatir-eg1405,Shibin al-Qanatir,مركز شبين القناطر,Kalyoubia,القليوبية,30.296,31.307
hihya-eg1315,Hihya,مركز ههيا,Sharkia,الشرقية,30.652,31.617
hurghada-2-eg3108,Hurghada 2,قسم ثان الغردقة,Red Sea,البحر الأحمر,27.745,33.08
kesm-al-minya-eg2401,Kesm Al-minya,قسم المنيا,Menia,المنيا,28.095,30.744
al-husayniya-eg1306,Al-Husayniya,مركز الحسينية,Sharkia,الشرقية,30.924,32.006
gamaliyya-eg0115,Gamaliyya,قسم الجمالية,Cairo,القاهرة,30.054,31.265
madinat-nasr-2-eg0127,Madinat Nasr-2,قسم ثانمدينةنصر,Cairo,القاهرة,30.048,31.309
abu-hammad-eg1304,Abu Hammad,مركز أبو حماد,Sharkia,الشرقية,30.543,31.649
qasr-al-nile-eg0111,Qasr Al-Nile,قسم قصر النيل,Cairo,القاهرة,30.043,31.235
zaqaziq-2-eg1302,Zaqaziq 2,قسم ثان الزقازيق,Sharkia,الشرقية,30.601,31.519
al-balyana-eg2605,Al-Balyana,مركز البلينا,Suhag,سوهاج,26.241,31.944
tama-eg2613,Tama,مركز طما,Suhag,سوهاج,26.874,31.422
luxor-eg2902,Luxor,مركز الأقصر,Luxor,مدينة الأقصر,25.685,32.588
alfath-eg2513,Alfath,مركز الفتح,Assiut,أسيوط,27.218,31.212
zawiyya-al-hamra-eg0131,Zawiyya Al-Hamra,قسم الزاويةالحمراء,Cairo,القاهرة,30.098,31.27
sayyida-zainab-eg0107,Sayyida Zainab,قسم السيدة زينب,Cairo,القاهرة,30.03,31.242
el-arish-3-eg3403,El Arish 3,قسم ثالث العريش,North Sinai,شمال سيناء,30.995,33.777
naqada-eg2709,Naqada,مركز نقادة,Qena,قنا,25.89,32.711
al-minshat-eg2607,Al-Minshat,مركز المنشأة,Suhag,سوهاج,26.464,31.756
al-darb-al-ahmar-eg0114,Al Darb al-Ahmar,قسم الدرب الأحمر,Cairo,القاهرة,30.041,31.26
minya-al-nasr-eg1214,Minya Al-Nasr,مركز منية النصر,Dakahlia,الدقهلية,31.154,31.707
el-mansora-eg1203,El Mansora,مركز المنصورة,Dakahlia,الدقهلية,31.053,31.467
auseem-eg2116,Auseem,مركز أوسيم,Giza,الجيزة,30.132,31.142
qift-eg2711,Qift,مركز قفط,Qena,قنا,25.998,32.827
girga-eg2610,Girga,مركز جرجا,Suhag,سوهاج,26.307,31.867
burullus-eg1503,Burullus,مركز البرلس,Kafr El-Shikh,كفر الشيخ,31.521,31.273
atfeh-eg2115,Atfeh,مركز أطفيح,Giza,الجيزة,29.343,31.25
nakhl-eg3407,Nakhl,قسم نخل,North Sinai,شمال سيناء,29.909,34.024
basatin-eg0135,Basatin,قسم البساتين,Cairo,القاهرة,29.98,31.293
misr-al-gadida-eg0128,Misr al-Gadida,قسم مصرالجديدة,Cairo,القاهرة,30.091,31.327
dumyat-eg1102,Dumyat,مركز دمياط,Damietta,دمياط,31.44,31.842
qillin-eg1509,Qillin,مركز قلين,Kafr El-Shikh,كفر الشيخ,31.085,30.817
dar-al-salam-eg2608,Dar al-Salam,مركز دار السلام,Suhag,سوهاج,26.274,32.043
bilbis-eg1308,Bilbis,مركز بلبيس,Sharkia,الشرقية,30.408,31.531
abdin-eg0109,Abdin,قسم عابدين,Cairo,القاهرة,30.046,31.245
tala-eg1707,Tala,مركز تلا,Menoufia,المنوفية,30.67,30.946
bab-al-shariyya-eg0116,Bab Al-Shariyya,قسم باب الشعرية,Cairo,القاهرة,30.059,31.258
assuit-eg2503,Assuit,مركز أسيوط,Assiut,أسيوط,27.117,31.232
tanta-1-eg1601,Tanta 1,قسم أول طنطا,Gharbia,الغربية,30.795,31.014
mina-al-basal-eg0211,Mina Al-Basal,قسم مينا البصل,Alexandria,الاسكندرية,31.167,29.88
girga-eg2609,Girga,قسم جرجا,Suhag,سوهاج,26.348,31.888
al-badari-eg2506,Al- Badari,مركز البدارى,Assiut,أسيوط,26.946,31.456
al-dikhila-eg0212,Al Dikhila,قسم الدخيلة,Alexandria,الاسكندرية,31.119,29.806
zaqaziq-eg1303,Zaqaziq,مركز الزقازيق,Sharkia,الشرقية,30.587,31.581
bahariya-oasis-eg2114,Bahariya Oasis,قسم الواحاتالبحرية,Giza,الجيزة,28.452,28.836
al-tibbin-eg0101,Al Tibbin,قسم التبين,Cairo,القاهرة,29.781,31.337
new-cairo-1-eg0137,New Cairo-1,قسم أول القاهرة الجديدة,Cairo,القاهرة,30.024,31.55
el-mahalla-el-kobra-1-eg1605,El Mahalla El Kobra 1,قسم أول المحلة الكبرى,Gharbia,الغربية,30.972,31.172
shubra-eg0119,Shubra,قسم شبرا,Cairo,القاهرة,30.072,31.25
bir-al-abd-eg3405,Bir Al-Abd,قسم بئر العبد,North Sinai,شمال سيناء,30.69,33.102
ismailiyya-1-eg1901,Ismailiyya 1,قسم أول الاسماعيلية,Ismailia,الإسماعيلية,30.606,32.311
sahil-silim-eg2507,Sahil Silim,مركز ساحل سليم,Assiut,أسيوط,27.093,31.349
nasr-city-eg0126,Nasr City,قسم أول مدينة نصر,Cairo,القاهرة,30.032,31.369
nuweiba-eg3507,Nuweiba,قسم نويبع,South Sinai,جنوب سيناء,29.314,34.312
manfalut-eg2512,Manfalut,مركز منفلوط,Assiut,أسيوط,27.294,30.951
tahta-eg2614,Tahta,مركز طهطا,Suhag,سوهاج,26.785,31.42
a-l-labban-eg0209,A L Labban,قسم اللبان,Alexandria,الاسكندرية,31.191,29.892
al-hasna-eg3406,Al-Hasna,قسم الحسنة,North Sinai,شمال سيناء,30.288,33.542
bani-swayf-eg2201,Bani Swayf,قسم بنى سويف,Beni Suef,بنى سويف,29.077,31.097
wadi-al-natrun-eg1814,Wadi Al-NatrUn,مركز وادى النطرون,Behera,البحيرة,30.43,30.313
daraw-eg2806,Daraw,مركز دراو,Aswan,أسوان,24.326,33.001
daba-eg3304,Daba,مركز الضبعة,Matrouh,مطروح,29.463,28.243
al-munakh-eg0303,Al-Munakh,قسم المناخ,Port Said,بورسعيد,31.265,32.287
saqulta-eg2612,Saqulta,مركز ساقلته,Suhag,سوهاج,26.692,31.663
qus-eg2707,Qus,مركز قوص,Qena,قنا,25.857,32.789
al-hammam-eg3302,Al-Hammam,قسم الحمام,Matrouh,مطروح,29.804,29.418
al-azbakiyya-eg0113,Al Azbakiyya,قسم الأزبكية,Cairo,القاهرة,30.06,31.246
minuf-eg1709,Minuf,مركز منوف,Menoufia,المنوفية,30.46,30.881
yousef-el-sadeq-eg2307,Yousef El sadeq,مركز يوسف الصديق,Fayoum,الفيوم,29.353,30.586
el-ibrahimiya-eg1317,El-Ibrahimiya,مركز الأبراهيمية,Sharkia,الشرقية,30.732,31.564
tura-eg0105,Tura,قسم طره,Cairo,القاهرة,29.939,31.38
basyun-eg1608,Basyun,مركز بسيون,Gharbia,الغربية,30.959,30.827
hadaiq-al-qubba-eg0123,Hadaiq Al-Qubba,قسم حدائقالقبة,Cairo,القاهرة,30.086,31.283
giza-eg2109,Giza,مركز الجيزة,Giza,الجيزة,29.943,31.213
zaqaziq-1-eg1301,Zaqaziq 1,قسم اول الزقازيق,Sharkia,الشرقية,30.585,31.513
qaha-eg1414,Qaha,قسم قها,Kalyoubia,القليوبية,30.293,31.215
ismailiyya-2-eg1902,Ismailiyya 2,قسم ثان الاسماعيلية,Ismailia,الإسماعيلية,30.614,32.26
abnub-eg2504,Abnub,مركز أبنوب,Assiut,أسيوط,27.295,31.106
qusir-eg3102,Qusir,قسم القصير,Red Sea,البحر الأحمر,25.957,33.951
qina-eg2701,Qina,قسم قنا,Qena,قنا,26.165,32.712
al-aguza-eg2102,Al-Aguza,قسم العجوزة,Giza,الجيزة,30.059,31.204
minshat-nasir-eg0134,Minshat Nasir,منشأةناصر,Cairo,القاهرة,30.043,31.284
port-suez-police-department-eg0406,Port Suez Police Department,إدارة شرطة ميناء السويس,Suez,السويس,29.882,32.619
port-alexandria-police-department-eg0215,Port Alexandria Police Department,اداره شرطه ميناء الأسكندريه,Alexandria,الاسكندرية,31.18,29.876
police-department-port-said-port-eg0312,Police Department Port Said Port,إدارة شرطة ميناء بورسعيد,Port Said,بورسعيد,31.254,32.301
duqqi-eg2103,DuqqI,قسم الدقي,Giza,الجيزة,30.042,31.208
al-wayli-eg0122,Al Wayli,قسم الوايلي,Cairo,القاهرة,30.072,31.283
armant-eg2704,Armant,مركز أرمنت,Qena,قنا,25.612,32.492
farshut-eg2710,Farshut,مركز فرشوط,Qena,قنا,26.056,32.149
al-amreia-eg0213,Al Amreia,قسم العامرية,Alexandria,الاسكندرية,30.959,29.828
banha-eg1402,Banha,مركز بنها,Kalyoubia,القليوبية,30.443,31.248
muski-eg0110,Muski,قسم الموسكي,Cairo,القاهرة,30.05,31.252
talkha-eg1211,Talkha,مركز طلخا,Dakahlia,الدقهلية,31.109,31.383
banha-eg1401,Banha,قسم بنها,Kalyoubia,القليوبية,30.466,31.19
zifta-eg1609,Zifta,مركز زفتى,Gharbia,الغربية,30.728,31.215
al-sharabiyya-eg0118,Al Sharabiyya,قسم الشرابية,Cairo,القاهرة,30.082,31.264
zarqa-eg1107,Zarqa,مركز الزرقا,Damietta,دمياط,31.209,31.649
ras-gharib-eg3105,Ras Gharib,قسم رأس غارب,Red Sea,البحر الأحمر,28.506,32.377
ain-shams-eg0130,Ain Shams,قسم عينشمس,Cairo,القاهرة,30.123,31.33
al-zohour-eg0307,Al-Zohour,قسم الزهور,Port Said,بورسعيد,31.266,32.266
al-kharga-oasis-eg3201,Al-Kharga Oasis,مركز الواحات الخارجة,New Valley,الوادى الجديد,24.964,31.013
al-zaytun-eg0124,Al Zaytun,قسم الزيتون,Cairo,القاهرة,30.1,31.301
tiba-police-station-eg2903,Tiba police station,مركز شرطة طيبة,Luxor,مدينة الأقصر,25.738,32.703
north-coast-eg0218,North Coast,الساحل الشمالى,Alexandria,الاسكندرية,30.935,29.475
el-arish-4-eg3404,El Arish 4,قسم رابع العريش,North Sinai,شمال سيناء,30.851,33.596
kafr-al-dawwar-eg1811,Kafr Al-Dawwar,قسم كفرالدوار,Behera,البحيرة,31.137,30.133
hurghada-1-eg3101,Hurghada 1,قسم أول الغردقة,Red Sea,البحر الأحمر,27.129,33.244
el-arish-1-eg3401,El Arish 1,قسم أول العريش,North Sinai,شمال سيناء,31.12,33.824
al-dawahy-eg0305,Al-Dawahy,قسم الضواحى,Port Said,بورسعيد,31.246,32.28
al-salam-eg0132,Al Salam,قسم السلام,Cairo,القاهرة,30.162,31.428
tanta-2-eg1602,Tanta 2,قسم ثان طنطا,Gharbia,الغربية,30.786,30.989
sumusta-eg2208,Sumusta,مركز سمسطا,Beni Suef,بنى سويف,28.951,30.866
kafr-al-shaykh-eg1501,Kafr Al-Shaykh,قسم كفر الشيخ,Kafr El-Shikh,كفر الشيخ,31.119,30.941
6-october-1-eg2107,6 October-1,قسم أول 6 أكتوبر,Giza,الجيزة,29.985,30.963
15-mayu-eg0103,15 Mayu,قسم 15 مايو,Cairo,القاهرة,29.853,31.387
6-october-2-eg2121,6 October-2,قسم ثان 6 أكتوبر,Giza,الجيزة,29.941,30.908
hwamdeia-eg2108,Hwamdeia,قسم الحوامدية,Giza,الجيزة,29.902,31.253
al-attarin-eg0206,Al Attarin,قسم العطارين,Alexandria,الاسكندرية,31.198,29.904
matariyya-eg1206,Matariyya,مركز المطرية,Dakahlia,الدقهلية,31.191,32.004
umraniyya-eg2118,Umraniyya,قسم العمرانية,Giza,الجيزة,29.993,31.177
al-ghanayem-eg2508,Al-Ghanayem,مركز الغنايم,Assiut,أسيوط,26.922,31.329
al-matariyya-eg0125,Al Matariyya,قسم المطرية,Cairo,القاهرة,30.128,31.304
dahab-eg3506,Dahab,قسم دهب,South Sinai,جنوب سيناء,28.73,34.451
al-mahmudiyya-eg1806,Al-Mahmudiyya,مركز المحمودية,Behera,البحيرة,31.197,30.488
luxor-eg2901,Luxor,قسم الأقصر,Luxor,مدينة الأقصر,25.707,32.67
qasima-eg3411,Qasima,قسم القسيمة,North Sinai,شمال سيناء,30.464,34.301
al-raml-eg0202,Al Raml,قسم أول الرمل,Alexandria,الاسكندرية,31.237,29.986
al-waqf-eg2712,Al Waqf,مركز الوقف,Qena,قنا,26.084,32.448
karmuz-eg0208,Karmuz,قسم كرموز,Alexandria,الاسكندرية,31.179,29.904
suhag-2-eg2602,Suhag-2,قسم ثان سوهاج,Suhag,سوهاج,26.543,31.703
gamaliyya-eg1215,Gamaliyya,مركز الجمالية,Dakahlia,الدقهلية,31.205,31.852
marg-eg0136,Marg,قسم المرج,Cairo,القاهرة,30.156,31.346
hilwan-eg0102,Hilwan,قسم حلوان,Cairo,القاهرة,29.854,31.329
paris-paris-eg3204,Paris Paris,مركز باريس,New Valley,الوادى الجديد,22.737,30.412
al-manasra-eg0310,Al-Manasra,قسم المناصرة,Port Said,بورسعيد,31.237,32.173
al-manshiyya-eg0207,Al Manshiyya,قسم المنشية,Alexandria,الاسكندرية,31.198,29.892
giza-eg2104,Giza,قسم الجيزة,Giza,الجيزة,29.999,31.216
imbaba-eg2101,Imbaba,قسم امبابه,Giza,الجيزة,30.083,31.21
mahalet-demna-eg1219,Mahalet Demna,مركز محلة دمنة,Dakahlia,الدقهلية,31.09,31.513
nuzha-eg0129,Nuzha,قسم النزهة,Cairo,القاهرة,30.115,31.389
safaga-eg3103,Safaga,قسم سفاجا,Red Sea,البحر الأحمر,26.732,33.46
aswan-eg2801,Aswan,قسم أسوان,Aswan,أسوان,24.063,32.901
waraq-eg2117,Waraq,قسم الوراق,Giza,الجيزة,30.097,31.189
shubra-al-khayma-2-eg1407,Shubra Al-Khayma 2,قسم ثان شبرا الخيمة,Kalyoubia,القليوبية,30.135,31.285
port-fuad-eg0304,Port Fuad,قسم بور فؤاد,Port Said,بورسعيد,31.236,32.33
shubra-al-khayma-1-eg1406,Shubra Al-Khayma 1,قسم أول شبرا الخيمة,Kalyoubia,القليوبية,30.132,31.248
port-fuad-2-eg0308,Port Fuad 2,قسم ثان بور فؤاد,Port Said,بورسعيد,31.17,32.318
e-mansora-2-eg1202,E Mansora 2,قسم ثان المنصورة,Dakahlia,الدقهلية,31.047,31.419
10-ramadan-1-eg1309,10 Ramadan 1,قسم اول مدينة العاشر من رمضان,Sharkia,الشرقية,30.222,31.732
10-ramadan-2-eg1321,10 Ramadan 2,قسم ثان مدينه العاشر من رمضان,Sharkia,الشرقية,30.238,31.7
shibin-al-kum-eg1701,Shibin al-Kum,قسم شبين الكوم,Menoufia,المنوفية,30.556,31.0
halayib-eg3107,Halayib,قسم حلايب,Red Sea,البحر الأحمر,22.386,36.0
ismailiyya-3-eg1903,Ismailiyya 3,قسم ثالث الاسماعيلية,Ismailia,الإسماعيلية,30.612,32.291
kawther-eg2616,Kawther,قسم الكوثر,Suhag,سوهاج,26.555,31.722
fayyum-eg2301,Fayyum,قسم الفيوم,Fayoum,الفيوم,29.314,30.839
kesm-tahta-eg2615,Kesm Tahta,قسم طهطا,Suhag,سوهاج,26.767,31.492
damanhur-eg1801,Damanhur,قسم دمنهور,Behera,البحيرة,31.049,30.463
el-mansora-1-eg1201,El Mansora 1,قسم اول المنصورة,Dakahlia,الدقهلية,31.029,31.375
bab-sharqi-eg0204,Bab Sharqi,قسم باب شرقى,Alexandria,الاسكندرية,31.205,29.921
kesm-awal-assuit-eg2501,Kesm Awal Assuit,قسم أول أسيوط,Assiut,أسيوط,27.186,31.154
kesm-than-assuit-eg2502,Kesm Than Assuit,قسم ثان أسيوط,Assiut,أسيوط,27.193,31.179
badr-eg0141,Badr,قسم بدر,Cairo,القاهرة,30.136,31.706
shroq-eg0140,Shroq,قسم الشروق,Cairo,القاهرة,30.133,31.547
al-ganayin-eg0405,Al-Ganayin,قسم الجناين,Suez,السويس,30.063,32.703
dumyat-1-eg1101,Dumyat 1,قسم أول دمياط,Damietta,دمياط,31.407,31.807
dumyat-2-eg1109,Dumyat 2,قسم ثان دمياط,Damietta,دمياط,31.425,31.819
al-ahram-eg2106,Al-Ahram,قسم الأهرام,Giza,الجيزة,29.99,31.136
al-ganoub-2-eg0311,Al-Ganoub 2,قسم ثان الجنوب,Port Said,بورسعيد,30.993,32.254
al-ganoub-eg0306,Al-Ganoub,قسم الجنوب,Port Said,بورسعيد,31.141,32.291
taba-eg3508,Taba,قسم طابا,South Sinai,جنوب سيناء,29.501,34.84
khsos-eg1412,Khsos,قسم الخصوص,Kalyoubia,القليوبية,30.157,31.318
kesm-mallawi-eg2411,Kesm Mallawi,قسم ملوى,Menia,المنيا,27.729,30.837
suez-eg0401,Suez,قسم السويس,Suez,السويس,29.961,32.569
al-arbiin-eg0402,Al-Arbiin,قسم الأربعين,Suez,السويس,29.98,32.536
el-arish-2-eg3402,El Arish 2,قسم ثان العريش,North Sinai,شمال سيناء,31.09,33.751
mubark-sharq-tafrea-eg0309,Mubark-Sharq Tafrea,قسم مبارك - شرق التفريعة,Port Said,بورسعيد,31.067,32.43
akhmim-city-eg2618,Akhmim City,مدينة أخميم الجديدة,Suhag,سوهاج,26.524,31.865
aswan-city-eg2808,Aswan City,مدينة أسوان الجديدة,Aswan,أسوان,24.068,32.983
assuit-city-eg2514,Assuit City,مدينة اسيوط الجديدة,Assiut,أسيوط,27.254,31.281
shaykh-zayed-eg2119,Shaykh Zayed,قسم الشيخ زايد,Giza,الجيزة,30.049,30.978
al-salhiyya-eg1307,Al-Salhiyya,قسم الصالحية الجديدة,Sharkia,الشرقية,30.634,32.006
abour-eg1413,Abour,قسم العبور,Kalyoubia,القليوبية,30.225,31.447
fayyum-city-eg2308,Fayyum City,مدينة الفيوم الجديدة,Fayoum,الفيوم,29.208,30.882
qurin-eg1320,Qurin,قسم القرين,Sharkia,الشرقية,30.611,31.742
al-qanayat-eg1318,Al-Qanayat,قسم القنايات,Sharkia,الشرقية,30.635,31.471
new-minya-eg2403,New Minya,مدينة المنيا الجديدة,Menia,المنيا,28.11,30.788
bani-swayf-city-eg2203,Bani Swayf City,قسم مدينة بنى سويف الجديدة,Beni Suef,بنى سويف,28.982,31.159
tushaka-eg2809,Tushaka,مدينة توشكى الجديدة,Aswan,أسوان,22.856,31.661
gamsa-eg1220,Gamsa,قسم جمصة,Dakahlia,الدقهلية,31.438,31.549
disuq-eg1505,Disuq,قسم دسوق,Kafr El-Shikh,كفر الشيخ,31.145,30.649
dumyat-al-gadida-eg1105,Dumyat Al-Gadida,قسم مدينه دمياط الجديده,Damietta,دمياط,31.439,31.706
sirs-al-layyana-city-eg1710,Sirs Al-Layyana City,قسم مدينة سرس الليانة,Menoufia,المنوفية,30.445,30.969
suhag-city-eg2619,Suhag City,مدينة سوهاج الجديدة,Suhag,سوهاج,26.485,31.649
faqus-eg1311,Faqus,قسم فاقوس,Sharkia,الشرقية,30.723,31.798
qalyub-eg1409,Qalyub,قسم قليوب,Kalyoubia,القليوبية,30.18,31.216
qina-city-eg2713,Qina City,مدينة قنا الجديدة,Qena,قنا,26.173,32.761
minuf-city-eg1712,Minuf City,قسم مدينة منوف,Menoufia,المنوفية,30.462,30.931
mit-ghamr-eg1212,Mit Ghamr,قسم ميت غمر,Dakahlia,الدقهلية,30.713,31.276
burg-al-arab-city-eg0216,Burg Al-Arab City,مدينه برج العرب الجديده,Alexandria,الاسكندرية,30.899,29.622
ras-al-bar-eg1106,Ras al-Bar,قسم رأس البر,Damietta,دمياط,31.51,31.83
maadi-eg0104,Maadi,قسم المعادي,Cairo,القاهرة,29.963,31.368
police-department-port-of-damietta-eg1108,Police Department Port of Damietta,إداره شرطه ميناء دمياط الجديد,Damietta,دمياط,31.466,31.778
faysal-eg0404,Faysal,قسم فيصل,Suez,السويس,30.118,32.181
